Frage;Antwort;Fundstellen;Generierte Antwort;Ermittelte Fundstellen;context_precision;context_recall;faithfulness;answer_correctness
Welche grundlegenden Sicherheitsmaßnahmen müssen beim Einrichten eines Webservers ergriffen werden?;Nach der Installation eines Webservers muss eine sichere Grundkonfiguration vorgenommen werden. Dazu gehört die Zuweisung des Webserver-Prozesses einem Konto mit minimalen Rechten, die Ausführung in einer gekapselten Umgebung (sofern unterstützt), sowie die Deaktivierung nicht benötigter Module und Funktionen. Ist eine gekapselte Umgebung nicht möglich, sollte jeder Webserver auf einem eigenen physischen oder virtuellen Server laufen. Dem Webserver-Dienst MÜSSEN alle nicht notwendige Schreibberechtigungen entzogen werden. Nicht benötigte Module und Funktionen des Webservers MÜSSEN deaktiviert werden.;"APP.3.2.A1 Sichere Konfiguration eines Webservers (B)
Nachdem der IT-Betrieb einen Webserver installiert hat, MUSS er eine sichere Grundkonfiguration vornehmen. Dazu MUSS er insbesondere den Webserver-Prozess einem Konto mit minimalen Rechten zuweisen. Der Webserver MUSS in einer gekapselten Umgebung ausgeführt werden, sofern dies vom Betriebssystem unterstützt wird. Ist dies nicht möglich, SOLLTE jeder Webserver auf einem eigenen physischen oder virtuellen Server ausgeführt werden. Dem Webserver-Dienst MÜSSEN alle nicht notwendige Schreibberechtigungen entzogen werden.
Nicht benötigte Module und Funktionen des Webservers MÜSSEN deaktiviert werden.";"Beim Einrichten eines Webservers muss der Webserver‑Prozess einem Konto mit minimalen Rechten zugewiesen, in einer gekapselten Umgebung (z. B. Chroot/Container) laufen und, falls das nicht möglich ist, auf einem eigenen physischen oder virtuellen Server betrieben werden; zudem müssen alle nicht notwendigen Schreibberechtigungen sowie nicht benötigte Module und Funktionen deaktiviert werden. Es sollte zudem eine Sicherheitsrichtlinie erstellt werden, die Maßnahmen, Zuständigkeiten und den Umgang mit Sicherheitslücken und Vorfällen festlegt.";"APP.3.2.A1 Sichere Konfiguration eines Webservers (B)

Nachdem der IT-Betrieb einen Webserver installiert hat, MUSS er eine sichere Grundkonfiguration vornehmen. Dazu MUSS er insbesondere den Webserver-Prozess einem Konto mit minimalen Rechten zuweisen. Der Webserver MUSS in einer gekapselten Umgebung ausgeführt werden, sofern dies vom Betriebssystem unterstützt wird. Ist dies nicht möglich, SOLLTE jeder Webserver auf einem eigenen physischen oder virtuellen Server ausgeführt werden. Dem Webserver-Dienst MÜSSEN alle nicht notwendige Schreibberechtigungen entzogen werden. Nicht benötigte Module und Funktionen des Webservers MÜSSEN deaktiviert werden.
APP.3.2.A9 Festlegung einer Sicherheitsrichtlinie für den Webserver (S)

ES SOLLTE eine Sicherheitsrichtlinie erstellt werden, in der die erforderlichen Maßnahmen und Zuständigkeiten benannt sind. Weiterhin SOLLTE geregelt werden, wie Informationen zu aktuellen Sicherheitslücken besorgt werden. Auch SOLLTE geregelt werden, wie Sicherheitsmaßnahmen umgesetzt werden und wie vorgegangen werden soll, wenn Sicherheitsvorfälle eintreten.
1.2. Zielsetzung

Ziel dieses Bausteins ist der Schutz des Webservers und der Informationen, die durch den Webserver bereitgestellt oder damit verarbeitet werden.
4.1. Wissenswertes

Das Bundesamt für Sicherheit in der Informationstechnik hat folgende weiterführende Dokumente veröffentlicht, die für den Betrieb von Webservern relevant sein können: Migration auf TLS 1.2 - Handlungsleitfaden Sicheres Webhosting: Handlungsempfehlung für Webhoster Sicheres Bereitstellen von Webangeboten (ISi-Webserver) Das National Institute of Standards and Technology (NIST) stellt in seinem Dokument „Guideline on Securing Public Web Servers"" Hinweise zur Absicherung von Webservern zur Verfügung.
1.1. Einleitung

Ein Webserver ist die Kernkomponente jedes Webangebotes, er nimmt Anfragen der Clients entgegen und liefert die entsprechenden Inhalte zurück. Die Daten werden in der Regel über das Hypertext Transfer Protocol (HTTP) oder dessen mit Transport Layer Security (TLS) verschlüsselte Variante HTTP Secure (HTTPS) transportiert. Da Webserver eine einfache Schnittstelle zwischen Serveranwendungen und Clients bieten, werden sie auch häufig für interne Informationen und Anwendungen in Institutionsnetzen, wie dem Intranet, eingesetzt. Webserver sind in der Regel direkt im Internet verfügbar und bieten somit eine exponierte Angriffsfläche. Deswegen müssen sie durch geeignete Schutzmaßnahmen abgesichert werden.";0.9999999999;1.0;0.4166666666666667;0.7950804330048074
Wie müssen Webserver-Dateien geschützt werden?;Alle Dateien auf dem Webserver, insbesondere Skripte und Konfigurationsdateien, müssen so geschützt werden, dass sie nicht unbefugt gelesen oder verändert werden können. Der Webserver muss so konfiguriert sein, dass er nur Dateien aus dem definierten WWW-Wurzelverzeichnis ausliefert. Nicht benötigte Funktionen zur Verzeichnisaufzählung müssen deaktiviert werden, und vertrauliche Daten dürfen nicht in öffentlichen Verzeichnissen gespeichert werden. Regelmäßige Überprüfungen sind erforderlich.;"APP.3.2.A2 Schutz der Webserver-Dateien (B)
Der IT-Betrieb MUSS alle Dateien auf dem Webserver, insbesondere Skripte und Konfigurationsdateien, so schützen, dass sie nicht unbefugt gelesen und geändert werden können. Es MUSS sichergestellt werden, dass Webanwendungen nur auf einen definierten Verzeichnisbaum
zugreifen können (WWW-Wurzelverzeichnis). Der Webserver MUSS so konfiguriert sein, dass er nur Dateien ausliefert, die sich innerhalb des WWW-Wurzelverzeichnisses befinden.Der IT-Betrieb MUSS alle nicht benötigten Funktionen, die Verzeichnisse auflisten, deaktivieren.
Vertrauliche Daten MÜSSEN vor unberechtigtem Zugriff geschützt werden. Insbesondere MUSS der IT-Betrieb sicherstellen, dass vertrauliche Dateien nicht in öffentlichen Verzeichnissen des Webservers liegen. Der IT-Betrieb MUSS regelmäßig überprüfen, ob vertrauliche Dateien in öffentlichen Verzeichnissen gespeichert wurden.";"Webserver‑Dateien müssen so geschützt werden, dass sie nicht unbefugt gelesen oder geändert werden können, indem der Zugriff ausschließlich auf einen definierten WWW‑Wurzelverzeichnis‑Baum beschränkt, Verzeichnis‑Listings deaktiviert und vertrauliche Dateien aus öffentlichen Verzeichnissen ausgeschlossen werden; zudem muss regelmäßig überprüft werden, dass keine vertraulichen Dateien dort abgelegt sind. Der IT‑Betrieb muss zudem dem Webserver‑Prozess minimale Rechte zuweisen und alle nicht benötigten Schreib‑ und Funktionsrechte entfernen.";"APP.3.2.A2 Schutz der Webserver-Dateien (B)

Der IT-Betrieb MUSS alle Dateien auf dem Webserver, insbesondere Skripte und Konfigurationsdateien, so schützen, dass sie nicht unbefugt gelesen und geändert werden können. Es MUSS sichergestellt werden, dass Webanwendungen nur auf einen definierten Verzeichnisbaum zugreifen können (WWW-Wurzelverzeichnis). Der Webserver MUSS so konfiguriert sein, dass er nur Dateien ausliefert, die sich innerhalb des WWW-Wurzelverzeichnisses befinden. Der IT-Betrieb MUSS alle nicht benötigten Funktionen, die Verzeichnisse auflisten, deaktivieren. Vertrauliche Daten MUSSEN vor unberechtigtem Zugriff geschützt werden. Insbesondere MUSS der IT-Betrieb sicherstellen, dass vertrauliche Dateien nicht in öffentlichen Verzeichnissen des Webservers liegen. Der IT-Betrieb MUSS regelmäßig überprüfen, ob vertrauliche Dateien in öffentlichen Verzeichnissen gespeichert wurden.
1.2. Zielsetzung

Ziel dieses Bausteins ist der Schutz des Webservers und der Informationen, die durch den Webserver bereitgestellt oder damit verarbeitet werden.
APP.3.2.A1 Sichere Konfiguration eines Webservers (B)

Nachdem der IT-Betrieb einen Webserver installiert hat, MUSS er eine sichere Grundkonfiguration vornehmen. Dazu MUSS er insbesondere den Webserver-Prozess einem Konto mit minimalen Rechten zuweisen. Der Webserver MUSS in einer gekapselten Umgebung ausgeführt werden, sofern dies vom Betriebssystem unterstützt wird. Ist dies nicht möglich, SOLLTE jeder Webserver auf einem eigenen physischen oder virtuellen Server ausgeführt werden. Dem Webserver-Dienst MÜSSEN alle nicht notwendige Schreibberechtigungen entzogen werden. Nicht benötigte Module und Funktionen des Webservers MÜSSEN deaktiviert werden.
1.1. Einleitung

Ein Webserver ist die Kernkomponente jedes Webangebotes, er nimmt Anfragen der Clients entgegen und liefert die entsprechenden Inhalte zurück. Die Daten werden in der Regel über das Hypertext Transfer Protocol (HTTP) oder dessen mit Transport Layer Security (TLS) verschlüsselte Variante HTTP Secure (HTTPS) transportiert. Da Webserver eine einfache Schnittstelle zwischen Serveranwendungen und Clients bieten, werden sie auch häufig für interne Informationen und Anwendungen in Institutionsnetzen, wie dem Intranet, eingesetzt. Webserver sind in der Regel direkt im Internet verfügbar und bieten somit eine exponierte Angriffsfläche. Deswegen müssen sie durch geeignete Schutzmaßnahmen abgesichert werden.
APP.3.2.A14 Integritätsprüfungen und Schutz vor Schadsoftware (S)

Der IT-Betrieb SOLLTE regelmäßig prüfen, ob die Konfigurationen des Webservers und die von ihm bereitgestellten Dateien noch integer sind und nicht durch Angriffe verändert wurden. Die zur Veröffentlichung vorgesehenen Dateien SOLLTEN regelmäßig auf Schadsoftware geprüft werden.";0.9999999999;1.0;1.0;0.866843943023139
Welche Sicherheitsanforderungen gelten für Datei-Uploads und -Downloads über einen Webserver?;Alle mithilfe des Webservers veröffentlichten Dateien müssen vorher auf Schadsoftware geprüft werden. Es muss eine Maximalgröße für Datei-Uploads festgelegt und ausreichend Speicherplatz reserviert sein.;"APP.3.2.A3 Absicherung von Datei-Uploads und -Downloads (B)
Alle mithilfe des Webservers veröffentlichten Dateien MÜSSEN vorher auf Schadprogramme geprüft werden. Es MUSS eine Maximalgröße für Datei-Uploads spezifiziert sein. Für Uploads MUSS genügend Speicherplatz reserviert werden.";"Datei‑Uploads müssen vor dem Veröffentlichen auf Schadprogramme geprüft, in ihrer Größe begrenzt und nur in vordefinierten, vom IT‑Betrieb reservierten Verzeichnissen mit restriktiven Zugriffs‑ und Ausführungsrechten gespeichert werden; zulässige Dateitypen, -größen, -speicherorte und berechtigte Clients sind festzulegen und die Anwendung muss verhindern, dass Nutzer den Ablagepfad beeinflussen. Downloads dürfen ausschließlich Dateien aus dem definierten WWW‑Wurzelverzeichnis ausliefern, wobei nicht benötigte Verzeichnis‑Listing‑Funktionen deaktiviert und vertrauliche Daten vor unbefugtem Zugriff geschützt werden müssen.";"APP.3.2.A3 Absicherung von Datei-Uploads und -Downloads (B)

Alle mithilfe des Webservers veröffentlichten Dateien MÜSSEN vorher auf Schadprogramme geprüft werden. Es MUSS eine Maximalgröße für Datei-Uploads spezifiziert sein. Für Uploads MUSS genügend Speicherplatz reserviert werden.
APP.3.1.A4 Kontrolliertes Einbinden von Dateien und Inhalten (B)

Falls eine Webanwendung oder ein Webservice eine Upload-Funktion für Dateien anbietet, MUSS diese Funktion durch den IT-Betrieb so weit wie möglich eingeschränkt werden. Insbesondere MUSSEN die erlaubte Dateigröße, erlaubte Dateitypen und erlaubte Speicherorte festgelegt werden. Es MUSS festgelegt werden, welche Clients die Funktion verwenden dürfen. Auch MÜSSEN Zugriffs- und Ausführungsrechte restriktiv gesetzt werden. Zudem MUSS sichergestellt werden, dass Clients Dateien nur im vorgegebenen erlaubten Speicherort speichern können.
CON.10.A5 Upload-Funktionen (B)

Die Entwickelnden MUSSEN sicherstellen, dass die Benutzenden Dateien nur im vorgegebenen Pfad speichern können. Die Entwickelnden MÜSSEN sicherstellen, dass die Benutzenden den Ablageort der Uploads nicht beeinflussen kann. Die Entwickelnden MÜSSEN Funktionen in die Webanwendung integrieren, mit denen die Uploads während des Betriebs der Webanwendung konfiguriert werden können.
1.2. Zielsetzung

In diesem Baustein werden wesentliche, für einen Fileserver spezifischen Gefährdungen und die sich daraus ergebenden Anforderungen für einen sicheren Einsatz beschrieben.
APP.3.2.A2 Schutz der Webserver-Dateien (B)

Der IT-Betrieb MUSS alle Dateien auf dem Webserver, insbesondere Skripte und Konfigurationsdateien, so schützen, dass sie nicht unbefugt gelesen und geändert werden können. Es MUSS sichergestellt werden, dass Webanwendungen nur auf einen definierten Verzeichnisbaum zugreifen können (WWW-Wurzelverzeichnis). Der Webserver MUSS so konfiguriert sein, dass er nur Dateien ausliefert, die sich innerhalb des WWW-Wurzelverzeichnisses befinden. Der IT-Betrieb MUSS alle nicht benötigten Funktionen, die Verzeichnisse auflisten, deaktivieren. Vertrauliche Daten MUSSEN vor unberechtigtem Zugriff geschützt werden. Insbesondere MUSS der IT-Betrieb sicherstellen, dass vertrauliche Dateien nicht in öffentlichen Verzeichnissen des Webservers liegen. Der IT-Betrieb MUSS regelmäßig überprüfen, ob vertrauliche Dateien in öffentlichen Verzeichnissen gespeichert wurden.";0.99999999995;1.0;1.0;0.4583418763504518
Welche Ereignisse müssen auf einem Webserver protokolliert werden?;Der Webserver muss mindestens folgende Ereignisse protokollieren: erfolgreiche Zugriffe auf Ressourcen, fehlgeschlagene Zugriffe aufgrund von Berechtigungsproblemen, nicht vorhandenen Ressourcen oder Server-Fehlern sowie allgemeine Fehlermeldungen. Die Protokollierungsdaten sollten regelmäßig ausgewertet werden.;"APP.3.2.A4 Protokollierung von Ereignissen (B)
Der Webserver MUSS mindestens folgende Ereignisse protokollieren:
•erfolgreiche Zugriffe auf Ressourcen,
•fehlgeschlagene Zugriffe auf Ressourcen aufgrund von mangelnder Berechtigung, nicht vorhandenen Ressourcen und Server-Fehlern sowie
•allgemeine Fehlermeldungen.
Die Protokollierungsdaten SOLLTEN regelmäßig ausgewertet werden.";Der Webserver MUSS mindestens folgende Ereignisse protokollieren: erfolgreiche Zugriffe auf Ressourcen, fehlgeschlagene Zugriffe wegen fehlender Berechtigung, nicht vorhandener Ressourcen und Server‑Fehler sowie allgemeine Fehlermeldungen. Diese Protokolle sollten regelmäßig ausgewertet werden.;"APP.3.2.A4 Protokollierung von Ereignissen (B)

Der Webserver MUSS mindestens folgende Ereignisse protokollieren: erfolgreiche Zugriffe auf Ressourcen, fehlgeschlagene Zugriffe auf Ressourcen aufgrund von mangelnder Berechtigung, nicht vorhandenen Ressourcen und Server-Fehlern sowie allgemeine Fehlermeldungen. Die Protokollierungsdaten SOLLTEN regelmäßig ausgewertet werden.
2.4. Unzureichende Protokollierung von sicherheitsrelevanten Ereignissen

Wenn sicherheitsrelevante Ereignisse von der Webanwendung unzureichend protokolliert werden, können Sicherheitsvorfälle zu einem späteren Zeitpunkt nur schwer nachvollzogen werden. Die Ursachen für einen Vorfall sind dann möglicherweise nicht mehr ermittelbar. Beispielsweise können Konfigurationsfehler übersehen werden, wenn sie nicht zu Fehlermeldungen in den Log-Dateien führen. Auch Schwachstellen sind bei unzureichender Protokollierung schwer oder gar nicht zu erkennen und zu beheben.
2.1. Unzureichende Protokollierung von sicherheitsrelevanten Ereignissen

Wenn sicherheitsrelevante Ereignisse von der Webanwendung oder dem Webservice unzureichend protokolliert werden, können diese unter Umständen zu einem späteren Zeitpunkt nur schwer nachvollzogen werden. Die Ursachen für ein Ereignis sind dann möglicherweise nicht mehr ermittelbar. So können z. B. kritische Fehler oder unerlaubte Änderungen in der Konfiguration der Webanwendung übersehen werden.
NET.1.2.A7 Grundlegende Protokollierung von Ereignissen (B)

Mindestens folgende Ereignisse MÜSSEN protokolliert werden: unerlaubte Zugriffe bzw. Zugriffsversuche, Leistungs- oder Verfügbarkeitsschwankungen des Netzes, Fehler in automatischen Prozessen (z. B. bei der Konfigurationsverteilung) sowie eingeschränkte Erreichbarkeit von Netzkomponenten.
SYS. 1.1.A10 Protokollierung (B)

Generell MÜSSEN alle sicherheitsrelevanten Systemereignisse protokolliert werden, dazu gehören mindestens: Systemstarts und Reboots, erfolgreiche und erfolglose Anmeldungen am IT-System (Betriebssystem und Anwendungssoftware), fehlgeschlagene Berechtigungsprüfungen, blockierte Datenströme (Verstöße gegen ACLs oder Firewallregeln), Einrichtung oder Änderungen von Benutzenden, Gruppen und Berechtigungen, sicherheitsrelevante Fehlermeldungen (z. B. Hardwaredefekte, Überschreitung von Kapazitätsgrenzen) sowie Warnmeldungen von Sicherheitssystemen (z. B. Virenschutz).";0.9999999999;1.0;1.0;0.9945046545754339
Wie müssen Passwörter bei der Authentisierung am Webserver gesichert werden?;Wenn Clients sich mit Passwörtern am Webserver authentisieren, müssen diese kryptografisch gesichert und vor unbefugtem Zugriff geschützt gespeichert werden.;"APP.3.2.A5 Authentisierung (B)
Wenn sich Clients mit Hilfe von Passwörtern am Webserver authentisieren, MÜSSEN diese kryptografisch gesichert und vor unbefugtem Zugriff geschützt gespeichert werden.";Passwörter müssen kryptografisch gesichert und vor unbefugtem Zugriff geschützt werden, indem sie serverseitig ausschließlich als gesalzste Hash‑Werte mit sicheren Kryptografie‑Algorithmen gespeichert werden. Klartext‑Passwörter dürfen nicht abgelegt oder übertragen werden.;"APP.3.2.A5 Authentisierung (B)

Wenn sich Clients mit Hilfe von Passwörtern am Webserver authentisieren, MÜSSEN diese kryptografisch gesichert und vor unbefugtem Zugriff geschützt gespeichert werden.
APP.3.1.A14 Schutz vertraulicher Daten (B)

Der IT-Betrieb MUSS sicherstellen, dass Zugangsdaten zur Webanwendung oder zum Webservice serverseitig mithilfe von sicheren kryptografischen Algorithmen vor unbefugtem Zugriff geschützt werden. Dazu MÜSSEN Salted Hash-Verfahren verwendet werden. Die Dateien mit den Quelltexten der Webanwendung oder des Webservices MÜSSEN vor unerlaubten Abrufen geschützt werden.
APP.2.3.A6 Sichere Authentisierung gegenüber OpenLDAP (B)

Wenn der Verzeichnisdienst zwischen verschiedenen Benutzenden unterscheiden soll, MUSSEN sich diese geeignet authentisieren. Die Authentisierung zwischen dem slapd-Server und den Kommunikationsbeteiligten MUSS verschlüsselt werden. Es SOLLTEN nur die Hashwerte von Passwörtern auf den Clients und Servern abgespeichert werden. Es MUSS ein geeigneter Hashing-Algorithmus verwendet werden.
CON.10.A7 Schutz vertraulicher Daten (B)

Die Entwickelnden MÜSSEN sicherstellen, dass vertrauliche Daten von den Clients zu den Servern nur mit der HTTPPost-Methode übertragen werden. Entwickelnde MÜSSEN durch Direktiven in der Webanwendung gewährleisten, dass clientseitig keine schützenswerten Daten zwischengespeichert werden. Entwickelnde MÜSSEN sicherstellen, dass in Formularen keine vertraulichen Formulardaten im Klartext angezeigt werden. Die Webanwendung SOLLTE verhindern, dass vertrauliche Daten vom Webbrowser unerwartet gespeichert werden. Sämtliche Zugangsdaten der Webanwendung MÜSSEN serverseitig mithilfe von sicheren kryptografischen Algorithmen vor unbefugtem Zugriff geschützt werden (Salted Hash). Die Dateien mit den Quelltexten der Webanwendung MÜSSEN vor unerlaubten Abrufen geschützt werden.
APP.4.2.A13 SAP-Passwortsicherheit (S)

Um eine sichere Anmeldung am SAP-ERP-System zu gewährleisten, SOLLTEN Profilparameter, Customizing-Schalter oder Sicherheitsrichtlinien geeignet eingestellt werden. Die eingesetzten Hash-Algorithmen für die gespeicherten Hashwerte der Passwörter in einem SAP-ERP-System SOLLTEN den aktuellen Sicherheitsstandards entsprechen. Zugriffe auf Tabellen mit Hashwerten SOLLTEN eingeschränkt werden.";0.99999999998;1.0;0.8;0.8071928315750407
Welche Anforderungen gelten an die Verschlüsselung von Verbindungen zu Webservern?;Der Webserver muss für alle Verbindungen durch nicht vertrauenswürdige Netze eine sichere Verschlüsselung über TLS (HTTPS) anbieten. Veraltete Verfahren wie SSL oder RC4 sollten nur in Ausnahmefällen verwendet und auf ein Minimum beschränkt werden. Bei Nutzung von HTTPS dürfen keine Inhalte über HTTP geliefert werden (kein Mixed Content).;"APP.3.2.A11 Verschlüsselung über TLS (B)
Der Webserver MUSS für alle Verbindungen durch nicht vertrauenswürdige Netze eine sichere Verschlüsselung über TLS anbieten (HTTPS). Falls es aus Kompatibilitätsgründen erforderlich ist, veraltete Verfahren zu verwenden, SOLLTEN diese auf so wenige Fälle wie möglich beschränkt werden. Wenn eine HTTPS-Verbindung genutzt wird, MÜSSEN alle Inhalte über HTTPS ausgeliefert werden. Sogenannter Mixed Content DARF NICHT verwendet werden.";Webserver müssen für alle Verbindungen aus nicht vertrauenswürdigen Netzen HTTPS mit einer sicheren TLS‑Version (mindestens TLS 1.2) anbieten und dürfen weder veraltete Verfahren noch Mixed Content verwenden. Clients/Browser müssen TLS unterstützen, unsichere Versionen deaktivieren, HSTS gemäß RFC 6797 einsetzen und kryptografische Algorithmen sowie Schlüssellängen nach aktuellem Stand der Technik nutzen.;"APP.3.2.A11 Verschlüsselung über TLS (B)

Der Webserver MUSS für alle Verbindungen durch nicht vertrauenswürdige Netze eine sichere Verschlüsselung über TLS anbieten (HTTPS). Falls es aus Kompatibilitätsgründen erforderlich ist, veraltete Verfahren zu verwenden, SOLLTEN diese auf so wenige Fälle wie möglich beschränkt werden. Wenn eine HTTPS-Verbindung genutzt wird, MÜSSEN alle Inhalte über HTTPS ausgeliefert werden. Sogenannter Mixed Content DARF NICHT verwendet werden.
APP.1.2.A2 Unterstützung sicherer Verschlüsselung der Kommunikation (B)

Der Webbrowser MUSS Transport Layer Security (TLS) in einer sicheren Version unterstützen. Verbindungen zu Webservern MÜSSEN mit TLS verschlüsselt werden, falls dies vom Webserver unterstützt wird. Unsichere Versionen von TLS SOLLTEN deaktiviert werden. Der Webbrowser MUSS den Sicherheitsmechanismus HTTP Strict Transport Security (HSTS) gemäß RFC 6797 unterstützen und einsetzen.
SYS.2.1.A18 Nutzung von verschlüsselten Kommunikationsverbindungen (S)

Kommunikationsverbindungen SOLLTEN, soweit möglich, durch Verschlüsselung geschützt werden. Die Clients SOLLTEN kryptografische Algorithmen und Schlüssellängen verwenden, die dem Stand der Technik und den Sicherheitsanforderungen der Institution entsprechen. Neue Zertifikate von Zertifikatsausstellern SOLLTEN erst nach Überprüfung des Fingerprints aktiviert werden.
SYS. 1.9.A17 Verschlüsselung der Übertragung (H)

Jegliche Kommunikation zwischen Client und Terminalserver SOLLTE geeignet verschlüsselt werden. Dabei SOLLTEN sichere Protokolle gemäß BSI TR-02102 verwendet werden.
4.1. Wissenswertes

Das Bundesamt für Sicherheit in der Informationstechnik hat folgende weiterführende Dokumente veröffentlicht, die für den Betrieb von Webservern relevant sein können: Migration auf TLS 1.2 - Handlungsleitfaden Sicheres Webhosting: Handlungsempfehlung für Webhoster Sicheres Bereitstellen von Webangeboten (ISi-Webserver) Das National Institute of Standards and Technology (NIST) stellt in seinem Dokument „Guideline on Securing Public Web Servers"" Hinweise zur Absicherung von Webservern zur Verfügung.";0.8333333332916666;1.0;0.0;0.5624130307326376
Welche Maßnahmen sollten bei der Planung des Einsatzes eines Webservers berücksichtigt werden?;Es sollte geplant und dokumentiert werden, für welchen Zweck der Webserver eingesetzt wird, welche Inhalte er bereitstellt und welche Zielgruppen adressiert werden. Zudem sollten geeignete Zuständige für den technischen Betrieb und die Webinhalte festgelegt werden.;"APP.3.2.A8 Planung des Einsatzes eines Webservers (S)
Es SOLLTE geplant und dokumentiert werden, für welchen Zweck der Webserver eingesetzt und welche Inhalte er bereitstellen soll. In der Dokumentation SOLLTEN auch die Informationen oder Dienstleistungen des Webangebots und die jeweiligen Zielgruppen beschrieben werden. Für den technischen Betrieb und die Webinhalte SOLLTEN geeignete Zuständige festgelegt werden.";Bei der Planung eines Webservers sind Zweck, bereitgestellte Inhalte, Zielgruppen und die verantwortlichen Betreiber zu dokumentieren. Zusätzlich müssen Plattform, Betriebssystem und Anwendung, Hardware‑Dimensionierung, Schnittstellen, Energie‑ und Wärmelast, Platzbedarf, administrative Zugänge, Benutzerzugriffe, Protokollierung, Updates, Integration in System‑ und Netz‑Management, Datensicherung, Schutzmaßnahmen (z. B. Virenschutz, IDS, Firewall, Kryptokonzept) sowie ggf. Outsourcing‑ und Identitäts‑/Berechtigungsmanagement berücksichtigt werden.;"SYS.1.1.A12 Planung des Server-Einsatzes (S)

Jedes Server-System SOLLTE geeignet geplant werden. Dabei SOLLTEN mindestens folgende Punkte berücksichtigt werden: Auswahl der Plattform (Hardware oder virtualisierte Ressourcen), des Betriebssystems und der Anwendungssoftware, Dimensionierung der Hardware (Leistung, Speicher, Bandbreite etc.), Art und Anzahl der Kommunikationsschnittstellen, Leistungsaufnahme, Wärmelast, Platzbedarf und Bauform, administrative Zugänge (siehe SYS. 1.1.A5 Schutz von Schnittstellen), Zugriffe von Benutzenden, Protokollierung (siehe SYS. 1.1.A10 Protokollierung), Aktualisierung von Betriebssystem und Anwendungen sowie Einbindung ins System- und Netzmanagement, in die Datensicherung und die Schutzsysteme (Virenschutz, IDS etc.). Alle Entscheidungen, die in der Planungsphase getroffen wurden, SOLLTEN so dokumentiert werden, dass sie zu einem späteren Zeitpunkt nachvollzogen werden können.
APP.3.2.A8 Planung des Einsatzes eines Webservers (S)

Es SOLLTE geplant und dokumentiert werden, für welchen Zweck der Webserver eingesetzt und welche Inhalte er bereitstellen soll. In der Dokumentation SOLLTEN auch die Informationen oder Dienstleistungen des Webangebots und die jeweiligen Zielgruppen beschrieben werden. Für den technischen Betrieb und die Webinhalte SOLLTEN geeignete Zuständige festgelegt werden.
1.3. Abgrenzung und Modellierung

Der Baustein muss auf alle Webserver des Informationsverbunds angewendet werden. Die Bezeichnung Webserver wird sowohl für die Software verwendet, welche die HTTP-Anfragen beantwortet, als auch für die IT-Systeme, auf denen diese Software ausgeführt wird. In diesem Baustein wird vorrangig die Webserver-Software betrachtet. Sicherheitsaspekte des IT-Systems, auf dem die Webserver-Software installiert ist, werden im Baustein SYS. 1.1 Allgemeiner Server sowie den jeweiligen betriebssystemspezifischen Bausteinen betrachtet. Empfehlungen, wie Webserver in die Netzarchitektur zu integrieren und mit Firewalls abzusichern sind, finden sich in den Bausteinen NET. 1.1 Netzarchitektur und -design bzw. NET.3.2 Firewall. Der Baustein behandelt grundsätzliche Aspekte, die für die Bereitstellung von Webinhalten wichtig sind. Dynamische Inhalte, die durch Webanwendungen bereitgestellt werden, sind nicht Gegenstand des vorliegenden Bausteins. Diese werden im Baustein APP.3.1 Webanwendungen und Webservices behandelt. Ebenso werden hier keine Webservices betrachtet. Webbrowser werden in diesem Baustein nicht betrachtet. Anforderungen dazu sind im Baustein APP. 1.2 Webbrowser zu finden. In der Regel werden die Verbindungen zu Webservern verschlüsselt. Der Baustein CON. 1 Kryptokonzept beschreibt, wie die dazu notwendigen kryptografischen Schlüssel sicher verwaltet werden können. Werden Webserver nicht selbst betrieben, sondern über einen Hosting-Anbieter bereitgestellt, ist der Baustein OPS. 2.3 Nutzung von Outsourcing zu beachten. Oft werden Authentisierungsmechanismen für Webserver verwendet. Ergänzende Anforderungen dazu finden sich im Baustein ORP.4 Identitäts- und Berechtigungsmanagement.
SYS.1.2.2.A1 Planung von Windows Server 2012 (B)

Der Einsatz von Windows Server 2012 MUSS vor der Installation sorgfältig geplant werden. Die Anforderungen an die Hardware MÜSSEN vor der Beschaffung geprüft werden. Es MUSS eine begründete und dokumentierte Entscheidung für eine geeignete Edition des Windows Server 2012 getroffen werden. Der Einsatzzweck des Servers sowie die Einbindung ins Active Directory MÜSSEN dabei spezifiziert werden. Die Nutzung von ins Betriebssystem integrierten Cloud-Diensten MUSS grundsätzlich abgewogen und geplant werden. Wenn nicht benötigt, MUSS die Einrichtung von Microsoft-Konten auf dem Server blockiert werden.
1.1. Einleitung

Ein Webserver ist die Kernkomponente jedes Webangebotes, er nimmt Anfragen der Clients entgegen und liefert die entsprechenden Inhalte zurück. Die Daten werden in der Regel über das Hypertext Transfer Protocol (HTTP) oder dessen mit Transport Layer Security (TLS) verschlüsselte Variante HTTP Secure (HTTPS) transportiert. Da Webserver eine einfache Schnittstelle zwischen Serveranwendungen und Clients bieten, werden sie auch häufig für interne Informationen und Anwendungen in Institutionsnetzen, wie dem Intranet, eingesetzt. Webserver sind in der Regel direkt im Internet verfügbar und bieten somit eine exponierte Angriffsfläche. Deswegen müssen sie durch geeignete Schutzmaßnahmen abgesichert werden.";0.49999999995;1.0;1.0;0.4241947321965587
Was ist bei der Auswahl eines externen Webhosters zu beachten?;Bei der Nutzung externer Webhosting-Dienste sollte vertraglich geregelt werden, wie die Dienste erbracht werden. Sicherheitsaspekte müssen im Service Level Agreement (SLA) festgehalten werden. Der Webhoster sollte regelmäßig Kontrollen und Wartungen durchführen und bei technischen Problemen oder Kompromittierungen zeitnah reagieren. Er muss grundlegende technische und organisatorische Sicherheitsmaßnahmen umsetzen.;"APP.3.2.A10 Auswahl eines geeigneten Webhosters (S)
Betreibt die Institution den Webserver nicht selbst, sondern nutzt Angebote externer Unternehmen im Rahmen von Webhosting, SOLLTE die Institution bei der Auswahl eines geeigneten Webhosters auf folgende Punkte achten:
•Es SOLLTE vertraglich geregelt werden, wie die Dienste zu erbringen sind. Dabei SOLLTEN Sicherheitsaspekte innerhalb des Vertrags schriftlich in einem Service Level Agreement (SLA) festgehalten werden.
•Die eingesetzten IT-Systeme SOLLTEN vom Webhoster regelmäßig kontrolliert und gewartet werden. Der Webhoster SOLLTE dazu verpflichtet werden, bei technischen Problemen oder einer Kompromittierung von Kundschaftssystemen zeitnah zu reagieren.
•Der Webhoster SOLLTE grundlegende technische und organisatorische Maßnahmen umsetzen, um seinen Informationsverbund zu schützen.";"Bei der Auswahl eines externen Webhosters sollte die Institution vertraglich festlegen, wie die Dienste erbracht werden, wobei Sicherheitsaspekte in einem Service‑Level‑Agreement (SLA) schriftlich festgehalten werden müssen; der Anbieter muss regelmäßig die eingesetzten IT‑Systeme kontrollieren und warten, bei technischen Problemen oder einer Kompromittierung zeitnah reagieren und grundlegende technische sowie organisatorische Maßnahmen zum Schutz des Informationsverbunds umsetzen.";"APP.3.2.A10 Auswahl eines geeigneten Webhosters (S)

Betreibt die Institution den Webserver nicht selbst, sondern nutzt Angebote externer Unternehmen im Rahmen von Webhosting, SOLLTE die Institution bei der Auswahl eines geeigneten Webhosters auf folgende Punkte achten: Es SOLLTE vertraglich geregelt werden, wie die Dienste zu erbringen sind. Dabei SOLLTEN Sicherheitsaspekte innerhalb des Vertrags schriftlich in einem Service Level Agreement (SLA) festgehalten werden. Die eingesetzten IT-Systeme SOLLTEN vom Webhoster regelmäßig kontrolliert und gewartet werden. Der Webhoster SOLLTE dazu verpflichtet werden, bei technischen Problemen oder einer Kompromittierung von Kundschaftssystemen zeitnah zu reagieren. Der Webhoster SOLLTE grundlegende technische und organisatorische Maßnahmen umsetzen, um seinen Informationsverbund zu schützen.
2.6. Unsichere Anbieter für Online-Datensicherungen

Lagern Institutionen ihre Datensicherung online zu einer fremden Institution aus, können Angriffe auf diese auch die Daten der eigenen Institution betreffen. In der Folge kann dies dazu führen, dass schützenswerte Daten abflieBen. Des Weiteren besteht die Gefahr, dass ungünstige vertragliche Konditionen dazu führen, dass Datensicherungen nicht kurzfristig verfügbar sind. Im Notfall können sie nicht in einer definierten Zeitspanne wiederhergestellt werden.
8.3.7 Einbindung externer Dienstleister

Viele Institutionen setzen externe oder interne Dienstleister ein, um Geschäftsprozesse ganz oder teilweise durch diese durchführen zu lassen. Grundsätzlich kann die Einbindung externer Dienstleister auf viele Arten erfolgen, z. B. in Form von Personal, das temporär eingesetzt wird, oder in Form von Auslagerungen von IT-Systemen. Bereits im Vorfeld der Einbindung externer Dienstleister müssen die Aufgaben im Bereich der Informationssicherheit abgegrenzt und die Schnittstellen genau festgelegt werden. Aufgaben können an externe Dienstleister ausgelagert werden, die Verantwortung für die Informationssicherheit verbleibt jedoch immer bei der auslagernden Institution. Es muss geklärt sein, welche sicherheitsrelevanten Aufgaben durch den externen Dienstleister und welche durch das eigene Sicherheitsmanagement abgedeckt werden. Folgende Fragen sollten vor der Einbindung externer Dienstleister grundlegend geregelt werden: Welche Geschäftsprozesse, welche IT-Systeme oder welche Dienstleistungen sollen an einen externen Dienstleister ausgelagert werden? Welchen Schutzbedarf haben die Zielobjekte, die durch einen externen Dienstleister oder im Outsourcing verarbeitet werden? Auf welche Zielobjekte und welche Informationen hat der externe Dienstleister Zugriff? Hier muss einerseits berücksichtigt werden, welche Zielobjekte und Informationen im Fokus der Dienstleistungserbringung stehen, aber andererseits auch, auf welche Zielobjekte und Informationen die Dienstleister zugreifen könnten, wie z. B. Reinigungskräfte auf Informationen in Büroräumen. Sofern sich eine Institution für die Einbindung externer Dienstleister entscheidet, müssen neben vertraglichen Rahmenbedingungen ebenfalls die Voraussetzungen für die Umsetzung der Anforderungen des IT-Grundschutzes erfüllt werden. Generell muss die Modellierung der Bausteine getrennt für die eigene Institution und für jeden externen Dienstleister durchgeführt werden. Die Vorgehensweise der Modellierung erfolgt wie in Kapitel 8.3.4 „Zuordnung von Bausteinen"" beschrieben. Auch bei der Einbindung externer Dienstleister muss es zu jedem Zeitpunkt für die auslagernde Institution möglich sein, die Risiken im Bereich der Informationssicherheit zu identifizieren und zu kontrollieren. Informationen und Geschäftsprozesse müssen immer auf einem vergleichbaren Niveau gemäß den Sicherheitszielen der Institution geschützt werden, auch wenn externe Dienstleister (oder wiederum deren Dienstleister) diese ganz oder in Teilen verarbeiten. Des Weiteren ist eine hohe Ereignistransparenz erforderlich, d. h., es muss Mechanismen geben, die gewährleisten, dass Gefährdungen und Risiken, die Auswirkungen auf die Dienstleistungen haben könnten, erkannt und entsprechend kommuniziert werden. Hierfür ist es erforderlich, Sicherheitsanforderungen sowie die regelmäßige Überwachung ihrer Einhaltung in den Verträgen aufzunehmen. Bei der Einbindung externer Dienstleister ist es möglich, dass der Dienstleister bereits für die eingebundene Dienstleistung ein Zertifikat vorweisen kann. Hierbei muss immer berücksichtigt werden, ob der Geltungsbereich des ausgestellten Zertifikates die Dienstleistung auch tatsächlich umfasst.
OPS.2.3.A3 Festlegung von Eignungsanforderungen an Anbietende von Outsourcing (B) [Fachverantwortliche, Institutionsleitung]

Interne Eignungsanforderungen an potenzielle Anbietende von Outsourcing MUSSEN festgelegt werden. Diese Eignungsanforderungen MÜSSEN die erforderlichen Kompetenzen, um den Prozess aus Sicht der Informationssicherheit abzusichern, sowie die Reputation hinsichtlich der Vertrauenswürdigkeit und Zuverlässigkeit berücksichtigen. Diese Eignungsanforderungen SOLLTEN auf Basis der Unternehmensstrategie (siehe OPS.2.3.A8 Erstellung einer Strategie für Outsourcing-Vorhaben) erstellt werden. Es MUSS geprüft werden, ob potenzielle Interessenkonflikte vorliegen. Ferner SOLLTEN die Anbietenden von Outsourcing regelmäßig gegen die Eignungsanforderungen geprüft werden. Wenn die Anbietenden von Outsourcing nicht die Eignungsanforderungen erfüllen, SOLLTEN Handlungsmaßnahmen getroffen und in einem Maßnahmenkatalog festgehalten werden.
OPS.2.3.A16 Prüfung der Anbietenden von Outsourcing (S)

Die Anbietenden von Outsourcing SOLLTEN hinsichtlich der vertraglich festgelegten Sicherheitsanforderungen überprüft und die Resultate dokumentiert werden. Die Anbietenden von Outsourcing sind in regelmäßigen Abständen und anlassbezogen zu auditieren.";0.8041666666465626;1.0;0.2;0.9766030627920091
Wie sollten Fehlermeldungen auf einem Webserver gestaltet sein?;Aus HTTP-Antworten und Fehlermeldungen dürfen weder der Produktname noch die verwendete Version des Webservers ersichtlich sein. Fehlermeldungen dürfen keine Details zu Systeminformationen oder Konfigurationen enthalten. Stattdessen sollten allgemeine Fehlermeldungen ausgegeben werden, die einen eindeutigen Hinweis für die Nachvollziehbarkeit durch den IT-Betrieb enthalten. Bei unerwarteten Fehlern darf der Webserver nicht in einem anfälligen Zustand verbleiben.;"APP.3.2.A12 Geeigneter Umgang mit Fehlern und Fehlermeldungen (S)
Aus den HTTP-Informationen und den angezeigten Fehlermeldungen SOLLTEN weder der Produktname noch die verwendete Version des Webservers ersichtlich sein. Fehlermeldungen SOLLTEN keine Details zu Systeminformationen oder Konfigurationen ausgeben. Der IT-Betrieb SOLLTE sicherstellen, dass der Webserver ausschließlich allgemeine Fehlermeldungen ausgibt, die Clients darauf hinweisen, dass ein Fehler aufgetreten ist. Die Fehlermeldung SOLLTE ein eindeutiges Merkmal enthalten, das es dem IT-Betrieb ermöglicht, den Fehler nachzuvollziehen. Bei unerwarteten Fehlern SOLLTE sichergestellt sein, dass der Webserver nicht in einem Zustand verbleibt, in dem er anfällig für Angriffe ist.";Fehlermeldungen dürfen weder Produkt‑ und Versionsinformationen noch System‑ oder Konfigurationsdetails preisgeben, sondern nur eine allgemeine Hinweis‑Nachricht mit einem eindeutigen Merkmal zur Nachverfolgung durch den IT‑Betrieb enthalten. Außerdem muss sichergestellt sein, dass der Webserver nach einem unerwarteten Fehler nicht in einem angreifbaren Zustand verbleibt.;"APP.3.2.A12 Geeigneter Umgang mit Fehlern und Fehlermeldungen (S)

Aus den HTTP-Informationen und den angezeigten Fehlermeldungen SOLLTEN weder der Produktname noch die verwendete Version des Webservers ersichtlich sein. Fehlermeldungen SOLLTEN keine Details zu Systeminformationen oder Konfigurationen ausgeben. Der IT-Betrieb SOLLTE sicherstellen, dass der Webserver ausschließlich allgemeine Fehlermeldungen ausgibt, die Clients darauf hinweisen, dass ein Fehler aufgetreten ist. Die Fehlermeldung SOLLTE ein eindeutiges Merkmal enthalten, das es dem IT-Betrieb ermöglicht, den Fehler nachzuvollziehen. Bei unerwarteten Fehlern SOLLTE sichergestellt sein, dass der Webserver nicht in einem Zustand verbleibt, in dem er anfällig für Angriffe ist.
2.6. Fehlende oder mangelhafte Fehlerbehebung

Treten während des Betriebs eines Webservers Fehler auf, kann sich das z. B. auf dessen Verfügbarkeit auswirken. Auch werden eventuell Inhalte unvollständig dargestellt oder Sicherheitsmechanismen fallen aus. Werden Fehler nicht korrekt behandelt, sind sowohl der Betrieb als auch der Schutz der Funktionen und Daten eines Webservers nicht mehr gewährleistet.
CON.10.A10 Restriktive Herausgabe sicherheitsrelevanter Informationen (B)

Die Entwickelnden MÜSSEN sicherstellen, dass Webseiten, Rückantworten und Fehlermeldungen von Webanwendungen keine Informationen enthalten, die Angreifenden Hinweise darauf geben, wie er Sicherheitsmechanismen umgehen kann.
2.3. Fehlende oder mangelhafte Fehlerbehandlung durch Webanwendungen

Wenn während des Betriebs einer Webanwendung Fehler auftreten, die nicht korrekt behandelt werden, können sowohl der Betrieb einer Webanwendung als auch der Schutz ihrer Funktionen und Daten beeinträchtigt werden. Beispielsweise kann ein Fehler dazu führen, dass die Webanwendung nicht mehr korrekt ausgeführt wird und für Clients nicht mehr erreichbar ist. Außerdem werden unter Umständen Aktionen nur noch unvollständig durchgeführt, zwischengespeicherte Aktionen und Daten gehen verloren oder Sicherheitsmechanismen fallen aus.
CON.10.A13 Fehlerbehandlung (S)

Treten während der Laufzeit einer Webanwendung Fehler auf, SOLLTEN diese so behandelt werden, dass die Webanwendung weiter in einem konsistenten Zustand bleibt. Die Webanwendung SOLLTE Fehlermeldungen protokollieren. Falls eine veranlasste Aktion einen Fehler verursacht, SOLLTE die Webanwendung diese Aktion abbrechen. Die Webanwendung SOLLTE im Fehlerfall den Zugriff auf eine angeforderte Ressource oder Funktion verweigern. Zuvor reservierte Ressourcen SOLLTEN im Rahmen der Fehlerbehandlung wieder freigegeben werden. Der Fehler SOLLTE möglichst von der Webanwendung selbst behandelt werden.";0.8333333332916666;1.0;1.0;0.9626396347584162
