Frage;Antwort;Fundstellen;Generierte Antwort;context_precision;context_recall;faithfulness;answer_correctness
Welche grundlegenden Sicherheitsmaßnahmen müssen beim Einrichten eines Webservers ergriffen werden?;Nach der Installation eines Webservers muss eine sichere Grundkonfiguration vorgenommen werden. Dazu gehört die Zuweisung des Webserver-Prozesses einem Konto mit minimalen Rechten, die Ausführung in einer gekapselten Umgebung (sofern unterstützt), sowie die Deaktivierung nicht benötigter Module und Funktionen. Ist eine gekapselte Umgebung nicht möglich, sollte jeder Webserver auf einem eigenen physischen oder virtuellen Server laufen. Dem Webserver-Dienst MÜSSEN alle nicht notwendige Schreibberechtigungen entzogen werden. Nicht benötigte Module und Funktionen des Webservers MÜSSEN deaktiviert werden.;"APP.3.2.A1 Sichere Konfiguration eines Webservers (B)
Nachdem der IT-Betrieb einen Webserver installiert hat, MUSS er eine sichere Grundkonfiguration vornehmen. Dazu MUSS er insbesondere den Webserver-Prozess einem Konto mit minimalen Rechten zuweisen. Der Webserver MUSS in einer gekapselten Umgebung ausgeführt werden, sofern dies vom Betriebssystem unterstützt wird. Ist dies nicht möglich, SOLLTE jeder Webserver auf einem eigenen physischen oder virtuellen Server ausgeführt werden. Dem Webserver-Dienst MÜSSEN alle nicht notwendige Schreibberechtigungen entzogen werden.
Nicht benötigte Module und Funktionen des Webservers MÜSSEN deaktiviert werden.";"Beim Einrichten muss der Webserver‑Prozess einem Konto mit minimalen Rechten zugewiesen und, sofern das Betriebssystem es unterstützt, in einer gekapselten Umgebung (z. B. Chroot/Container) laufen; alle nicht notwendigen Schreibberechtigungen, Module und Funktionen sind zu entfernen bzw. zu deaktivieren, und – falls keine Kapselung möglich ist – sollte der Server auf einem eigenen physischen oder virtuellen System betrieben werden. Zusätzlich sollte eine Sicherheitsrichtlinie erstellt werden, die die erforderlichen Maßnahmen, Zuständigkeiten sowie den Umgang mit Sicherheitslücken und Vorfällen festlegt.";0.9999999999;1.0;0.5;0.716082523089904
Wie müssen Webserver-Dateien geschützt werden?;Alle Dateien auf dem Webserver, insbesondere Skripte und Konfigurationsdateien, müssen so geschützt werden, dass sie nicht unbefugt gelesen oder verändert werden können. Der Webserver muss so konfiguriert sein, dass er nur Dateien aus dem definierten WWW-Wurzelverzeichnis ausliefert. Nicht benötigte Funktionen zur Verzeichnisaufzählung müssen deaktiviert werden, und vertrauliche Daten dürfen nicht in öffentlichen Verzeichnissen gespeichert werden. Regelmäßige Überprüfungen sind erforderlich.;"APP.3.2.A2 Schutz der Webserver-Dateien (B)
Der IT-Betrieb MUSS alle Dateien auf dem Webserver, insbesondere Skripte und Konfigurationsdateien, so schützen, dass sie nicht unbefugt gelesen und geändert werden können. Es MUSS sichergestellt werden, dass Webanwendungen nur auf einen definierten Verzeichnisbaum
zugreifen können (WWW-Wurzelverzeichnis). Der Webserver MUSS so konfiguriert sein, dass er nur Dateien ausliefert, die sich innerhalb des WWW-Wurzelverzeichnisses befinden.Der IT-Betrieb MUSS alle nicht benötigten Funktionen, die Verzeichnisse auflisten, deaktivieren.
Vertrauliche Daten MÜSSEN vor unberechtigtem Zugriff geschützt werden. Insbesondere MUSS der IT-Betrieb sicherstellen, dass vertrauliche Dateien nicht in öffentlichen Verzeichnissen des Webservers liegen. Der IT-Betrieb MUSS regelmäßig überprüfen, ob vertrauliche Dateien in öffentlichen Verzeichnissen gespeichert wurden.";"Webserver‑Dateien, insbesondere Skripte und Konfigurationsdateien, müssen so geschützt werden, dass sie nicht unbefugt gelesen oder geändert werden können; hierfür ist der Zugriff auf einen definierten WWW‑Wurzelverzeichnis‑Baum zu beschränken, Verzeichnis‑Listing zu deaktivieren, vertrauliche Dateien aus öffentlichen Verzeichnissen fernzuhalten und regelmäßig zu prüfen. Zusätzlich muss dem Webserver‑Prozess ein Konto mit minimalen Rechten zugewiesen und alle nicht benötigten Schreibrechte sowie nicht notwendige Module deaktiviert werden.";0.9999999999;1.0;0.8888888888888888;0.8015613475505354
Welche Sicherheitsanforderungen gelten für Datei-Uploads und -Downloads über einen Webserver?;Alle mithilfe des Webservers veröffentlichten Dateien müssen vorher auf Schadsoftware geprüft werden. Es muss eine Maximalgröße für Datei-Uploads festgelegt und ausreichend Speicherplatz reserviert sein.;"APP.3.2.A3 Absicherung von Datei-Uploads und -Downloads (B)
Alle mithilfe des Webservers veröffentlichten Dateien MÜSSEN vorher auf Schadprogramme geprüft werden. Es MUSS eine Maximalgröße für Datei-Uploads spezifiziert sein. Für Uploads MUSS genügend Speicherplatz reserviert werden.";"Datei‑Uploads müssen vor dem Veröffentlichen auf Schadprogramme geprüft, in ihrer Größe begrenzt und nur in vordefinierten, vom IT‑Betrieb reservierten Verzeichnissen mit restriktiven Zugriffs‑ und Ausführungsrechten gespeichert werden; zulässige Dateitypen, -größen, -speicherorte und berechtigte Clients sind festzulegen und die Anwendung muss verhindern, dass Nutzer den Ablagepfad beeinflussen können. Zusätzlich muss der Webserver so konfiguriert sein, dass nur Dateien aus dem definierten WWW‑Wurzelverzeichnis ausgeliefert werden, Verzeichnis‑Listing deaktiviert und vertrauliche Daten nicht in öffentlichen Verzeichnissen liegen.";0.9999999999666667;1.0;1.0;0.4903269241654945
Welche Ereignisse müssen auf einem Webserver protokolliert werden?;Der Webserver muss mindestens folgende Ereignisse protokollieren: erfolgreiche Zugriffe auf Ressourcen, fehlgeschlagene Zugriffe aufgrund von Berechtigungsproblemen, nicht vorhandenen Ressourcen oder Server-Fehlern sowie allgemeine Fehlermeldungen. Die Protokollierungsdaten sollten regelmäßig ausgewertet werden.;"APP.3.2.A4 Protokollierung von Ereignissen (B)
Der Webserver MUSS mindestens folgende Ereignisse protokollieren:
•erfolgreiche Zugriffe auf Ressourcen,
•fehlgeschlagene Zugriffe auf Ressourcen aufgrund von mangelnder Berechtigung, nicht vorhandenen Ressourcen und Server-Fehlern sowie
•allgemeine Fehlermeldungen.
Die Protokollierungsdaten SOLLTEN regelmäßig ausgewertet werden.";Der Webserver MUSS mindestens folgende Ereignisse protokollieren: erfolgreiche Zugriffe auf Ressourcen, fehlgeschlagene Zugriffe wegen fehlender Berechtigung, nicht vorhandene Ressourcen, Server‑Fehler sowie allgemeine Fehlermeldungen. Diese Protokolle sollten regelmäßig ausgewertet werden.;0.9999999999;1.0;1.0;0.994443721104948
Wie müssen Passwörter bei der Authentisierung am Webserver gesichert werden?;Wenn Clients sich mit Passwörtern am Webserver authentisieren, müssen diese kryptografisch gesichert und vor unbefugtem Zugriff geschützt gespeichert werden.;"APP.3.2.A5 Authentisierung (B)
Wenn sich Clients mit Hilfe von Passwörtern am Webserver authentisieren, MÜSSEN diese kryptografisch gesichert und vor unbefugtem Zugriff geschützt gespeichert werden.";Passwörter müssen serverseitig kryptografisch gesichert und vor unbefugtem Zugriff geschützt werden, indem sie ausschließlich als gesalzste Hash‑Werte (Salted‑Hash) mit sicheren kryptografischen Algorithmen gespeichert werden. Dabei ist sicherzustellen, dass die Hash‑Dateien und Quelltexte der Webanwendung nicht unautorisiert einseh‑ oder abgerufen werden können.;0.99999999998;1.0;0.6;0.7172381816678192
Welche Anforderungen gelten an die Verschlüsselung von Verbindungen zu Webservern?;Der Webserver muss für alle Verbindungen durch nicht vertrauenswürdige Netze eine sichere Verschlüsselung über TLS (HTTPS) anbieten. Veraltete Verfahren wie SSL oder RC4 sollten nur in Ausnahmefällen verwendet und auf ein Minimum beschränkt werden. Bei Nutzung von HTTPS dürfen keine Inhalte über HTTP geliefert werden (kein Mixed Content).;"APP.3.2.A11 Verschlüsselung über TLS (B)
Der Webserver MUSS für alle Verbindungen durch nicht vertrauenswürdige Netze eine sichere Verschlüsselung über TLS anbieten (HTTPS). Falls es aus Kompatibilitätsgründen erforderlich ist, veraltete Verfahren zu verwenden, SOLLTEN diese auf so wenige Fälle wie möglich beschränkt werden. Wenn eine HTTPS-Verbindung genutzt wird, MÜSSEN alle Inhalte über HTTPS ausgeliefert werden. Sogenannter Mixed Content DARF NICHT verwendet werden.";Webserver müssen für alle Verbindungen über nicht vertrauenswürdige Netze TLS (HTTPS) anbieten, dabei sämtliche Inhalte ausschließlich über HTTPS ausliefern, Mixed Content verbieten und veraltete Verfahren nur auf ein Minimum beschränken. Webbrowser und Clients müssen eine sichere TLS‑Version unterstützen, unsichere Versionen deaktivieren, HSTS einsetzen sowie aktuelle kryptografische Algorithmen, angemessene Schlüssellängen und geprüfte Zertifikats‑Fingerprints verwenden.;0.99999999995;1.0;0.6;0.6125420298807361
Welche Maßnahmen sollten bei der Planung des Einsatzes eines Webservers berücksichtigt werden?;Es sollte geplant und dokumentiert werden, für welchen Zweck der Webserver eingesetzt wird, welche Inhalte er bereitstellt und welche Zielgruppen adressiert werden. Zudem sollten geeignete Zuständige für den technischen Betrieb und die Webinhalte festgelegt werden.;"APP.3.2.A8 Planung des Einsatzes eines Webservers (S)
Es SOLLTE geplant und dokumentiert werden, für welchen Zweck der Webserver eingesetzt und welche Inhalte er bereitstellen soll. In der Dokumentation SOLLTEN auch die Informationen oder Dienstleistungen des Webangebots und die jeweiligen Zielgruppen beschrieben werden. Für den technischen Betrieb und die Webinhalte SOLLTEN geeignete Zuständige festgelegt werden.";"Bei der Planung eines Webservers sind Zweck, bereitgestellte Inhalte, Zielgruppen und die zuständigen Personen zu dokumentieren; zudem müssen Plattform, Betriebssystem und Anwendungssoftware, Hardware‑Dimensionierung, Schnittstellen, Leistungsaufnahme, Kühlung, Platzbedarf, administrative Zugänge, Benutzerzugriffe, Protokollierung, Updates, Einbindung in System‑ und Netz‑management, Datensicherung sowie Schutzsysteme (z. B. Virenschutz, IDS) berücksichtigt werden.";0.99999999995;1.0;1.0;0.36220259275213895
Was ist bei der Auswahl eines externen Webhosters zu beachten?;Bei der Nutzung externer Webhosting-Dienste sollte vertraglich geregelt werden, wie die Dienste erbracht werden. Sicherheitsaspekte müssen im Service Level Agreement (SLA) festgehalten werden. Der Webhoster sollte regelmäßig Kontrollen und Wartungen durchführen und bei technischen Problemen oder Kompromittierungen zeitnah reagieren. Er muss grundlegende technische und organisatorische Sicherheitsmaßnahmen umsetzen.;"APP.3.2.A10 Auswahl eines geeigneten Webhosters (S)
Betreibt die Institution den Webserver nicht selbst, sondern nutzt Angebote externer Unternehmen im Rahmen von Webhosting, SOLLTE die Institution bei der Auswahl eines geeigneten Webhosters auf folgende Punkte achten:
•Es SOLLTE vertraglich geregelt werden, wie die Dienste zu erbringen sind. Dabei SOLLTEN Sicherheitsaspekte innerhalb des Vertrags schriftlich in einem Service Level Agreement (SLA) festgehalten werden.
•Die eingesetzten IT-Systeme SOLLTEN vom Webhoster regelmäßig kontrolliert und gewartet werden. Der Webhoster SOLLTE dazu verpflichtet werden, bei technischen Problemen oder einer Kompromittierung von Kundschaftssystemen zeitnah zu reagieren.
•Der Webhoster SOLLTE grundlegende technische und organisatorische Maßnahmen umsetzen, um seinen Informationsverbund zu schützen.";Bei der Auswahl eines externen Webhosters muss die Institution vertraglich festlegen, wie die Dienste erbracht werden, und Sicherheitsaspekte im Service‑Level‑Agreement (SLA) schriftlich regeln. Der Webhoster soll die eingesetzten IT‑Systeme regelmäßig kontrollieren und warten, bei technischen Problemen oder einer Kompromittierung zeitnah reagieren und grundlegende technische sowie organisatorische Schutzmaßnahmen umsetzen.;0.8041666666465626;1.0;0.7142857142857143;0.9782505913814304
Wie sollten Fehlermeldungen auf einem Webserver gestaltet sein?;Aus HTTP-Antworten und Fehlermeldungen dürfen weder der Produktname noch die verwendete Version des Webservers ersichtlich sein. Fehlermeldungen dürfen keine Details zu Systeminformationen oder Konfigurationen enthalten. Stattdessen sollten allgemeine Fehlermeldungen ausgegeben werden, die einen eindeutigen Hinweis für die Nachvollziehbarkeit durch den IT-Betrieb enthalten. Bei unerwarteten Fehlern darf der Webserver nicht in einem anfälligen Zustand verbleiben.;"APP.3.2.A12 Geeigneter Umgang mit Fehlern und Fehlermeldungen (S)
Aus den HTTP-Informationen und den angezeigten Fehlermeldungen SOLLTEN weder der Produktname noch die verwendete Version des Webservers ersichtlich sein. Fehlermeldungen SOLLTEN keine Details zu Systeminformationen oder Konfigurationen ausgeben. Der IT-Betrieb SOLLTE sicherstellen, dass der Webserver ausschließlich allgemeine Fehlermeldungen ausgibt, die Clients darauf hinweisen, dass ein Fehler aufgetreten ist. Die Fehlermeldung SOLLTE ein eindeutiges Merkmal enthalten, das es dem IT-Betrieb ermöglicht, den Fehler nachzuvollziehen. Bei unerwarteten Fehlern SOLLTE sichergestellt sein, dass der Webserver nicht in einem Zustand verbleibt, in dem er anfällig für Angriffe ist.";Fehlermeldungen dürfen weder Produkt‑ und Versionsinformationen noch System‑ oder Konfigurationsdetails preisgeben, sondern nur eine allgemeine Hinweis‑Nachricht mit einem eindeutigen Merkmal zur Nachverfolgung durch den IT‑Betrieb enthalten. Sie müssen zudem sicherstellen, dass der Webserver nach dem Fehler nicht in einem angreifbaren Zustand verbleibt.;0.8333333332916666;1.0;1.0;0.808662512840792
